{
  "train_loss": [1.133, 1.351, 1.352, 1.346, 1.347],
  "val_loss": [1.114, 1.231, 1.209, 1.238, 1.239],
  "train_accuracy": [43.70, 33.51, 33.07, 33.78, 33.59],
  "val_accuracy": [44.34, 45.29, 45.29, 45.29, 45.29],
  "train_top2_accuracy": [72.72, 59.96, 59.82, 60.46, 60.27],
  "val_top2_accuracy": [74.24, 73.96, 73.96, 73.96, 73.96],
  "learning_rate": [0.01515, 0.03, 0.000298, 0.000293, 0.000284],
  "epoch": [1, 2, 3, 4, 5]
}
